;ID_Empf�nger;Frequency;Demand
0;997;2;3069
10;1222;3;821
12;1297;3;2198
26;1337;4;6720
28;1329;3;1152
29;1269;4;2983
33;1281;5;4879
38;1284;5;7816
45;1273;3;3282
48;1334;5;8420
50;1106;4;4014
77;1307;4;1799
107;1397;4;2231
110;1274;3;995
141;1137;3;475
152;1293;4;1804
169;1292;3;1015
183;1263;2;4383
